[{"id":1,"username":"admin","password":"123456","nickname":"千锋教育","identity":"超级管理员","gender":"男","age":18,"createTime":1622087544072,"updateTime":1622289180926,"cart":[]},{"id":2,"username":"guoxiang","password":"gx123456","nickname":"前端小灰狼","identity":"二阶段讲师","gender":"男","age":19,"createTime":1622087544072,"updateTime":1633491108843,"cart":[]},{"id":3,"username":"zhangyuning","password":"zyn123456","nickname":"贫嘴张大民","identity":"二阶段讲师","gender":"男","age":59,"createTime":1622087544072,"updateTime":1622087544072,"cart":[]},{"id":4,"username":"yanghuaizhi","password":"yhz123456","nickname":"公羊无衣","identity":"二阶段讲师","gender":"男","age":19,"createTime":1622087544072,"updateTime":1622087544072,"cart":[]},{"id":5,"username":"liyingli","password":"lyl123456","nickname":"码小花","identity":"一阶段讲师","gender":"女","age":20,"createTime":1622087544072,"updateTime":1622087544072,"cart":[]},{"id":6,"username":"liyong","password":"ly123456","nickname":"铁牛哥哥","identity":"一阶段讲师","gender":"男","age":17,"createTime":1622087544072,"updateTime":1622532756548,"cart":[]},{"id":7,"username":"lurongtao","password":"lrt123456","nickname":"古艺散人","identity":"三阶段讲师","gender":"男","age":18,"createTime":1622087544072,"updateTime":1622087544072,"cart":[]},{"id":8,"username":"xiaohuilang","password":"654321","nickname":"前端小灰狼","identity":"学生","gender":"男","age":18,"createTime":1633493174291,"updateTime":1633498878018,"cart":[{"goods_id":1,"title":"南极人【10双装】夏季男士丝袜超薄中筒袜男袜子薄款透气纯色商务袜P3038","img_big_logo":"https://image5.suning.cn/uimg/b2c/newcatentries/0070081143-000000000144879464_2_800x800.jpg","img_small_logo":"https://image5.suning.cn/uimg/b2c/newcatentries/0070081143-000000000144879464_2_200x200.jpg","price":"25.00","current_price":"17.50","is_select":true,"goods_number":24,"is_sale":true,"sale_type":"70%","is_hot":false,"cart_number":1,"category":"其他"}]}]